author_id,created_at,text,cleaned_text,is_victim,summary
205322785,2025-01-23 17:14:42+00:00,Scam alert: job scam texts to watch out for https://t.co/nxKmBuz9vk,scam alert job scam texts to watch out for ,True,Job scam texts to watch out
1746274925286195200,2025-01-23 16:31:50+00:00,"@Rothmus Listen dumbfuc Americans have been paying the vacation salary‚Äôs of no show mob extortion for FOUR YEARS OF NOTHING. 
GET OFF YOUR ASS, DROP THAT CAMEL AND GET BACK TO WORK , OR GET THE HELL OUT ,  YOUR GOVERNMENT JOB SCAM IS OVER ! https://t.co/yh1FZlNf8k"," listen dumbfuc americans have been paying the vacation salarys of no show mob extortion for four years of nothing 
get off your ass drop that camel and get back to work  or get the hell out   your government job scam is over  ",True,American taxpayers have been paying the vacation salarys of no show mob extortion for four years of nothing. Get off your ass drop that camel and get back to work  or get the hell out 
1865967249221136384,2025-01-23 15:30:09+00:00,"The state‚Äôs trying to recover $2.2M lost to a crypto job scam. Meanwhile, Wall Street exploits daily, and no one cares. Trust in authority? It‚Äôs as rigged as the system itself. Real job security lies in Bitcoin‚Äîyour escape from corporate delusion. Good luck finding justice!",the states trying to recover 22m lost to a crypto job scam meanwhile wall street exploits daily and no one cares trust in authority its as rigged as the system itself real job security lies in bitcoinyour escape from corporate delusion good luck finding justice,True,The states are trying to recover 22m lost to a crypto job scam. wall street exploits daily and no one cares trust in authority its as rigged as the system itself real job security lies in bitcoinyour
1101777422775713792,2025-01-23 12:37:45+00:00,You know how many job scams there are? Umoren that was killed because of a job scam. How is he useless for being guarded in a low trust society. It is your job to communicate the official capacity of the role. https://t.co/4IZUv5dosM,you know how many job scams there are umoren that was killed because of a job scam how is he useless for being guarded in a low trust society it is your job to communicate the official capacity of the role ,True,You know how many job scams there are there are umoren that was killed because of a job scam how is he useless for being guarded in a low trust society it is your job to
15707291,2025-01-23 12:23:26+00:00,"We all could use eyes and ears other than our own to identify job scam red flags.

We need 2nd opinions, right?

My latest article on ‚ÄúThe Job Scam Report‚Äù on Substack explains networking‚Äôs significant role in combating job scams.

https://t.co/NDr037aybG https://t.co/aQ5aYeumV1","we all could use eyes and ears other than our own to identify job scam red flags

we need 2nd opinions right

my latest article on the job scam report on substack explains networkings significant role in combating job scams

 ",True,My latest article on the job scam report on substack explains networkings significant role in combating job scams. we all could use eyes and ears other than our own to identify job scam red
871394680033878016,2025-01-23 11:17:39+00:00,"@harsht2024 Yeah Lalu Yadav is famous for ""land for job"" scam when he was Railway Minister", yeah lalu yadav is famous for land for job scam when he was railway minister,True,Lalu yadav is famous for land for job
1605706451241996288,2025-01-23 11:00:22+00:00,"@NanoBaiter 
Hello sir
I lost 1314000rs in telegram part time job scam which was my mothers life time saving kept a side for my sister marriage it was happen on 21-12-2024 and 22-12-2024  kindly please help me to recovery my money or trace sammers locations"," 
hello sir
i lost 1314000rs in telegram part time job scam which was my mothers life time saving kept a side for my sister marriage it was happen on 21122024 and 22122024  kindly please help me to recovery my money or trace sammers locations",True,I lost 1314000rs in telegram part time job scam which was my mothers life time saving kept a side for my sister marriage. kindly please help me to recovery my money or trace sammers locations
16039793,2025-01-23 09:57:09+00:00,"Malaysian Actress Targeted In Alleged Swimsuit Photoshoot Scam In Thailand 

Jacquelin Ch'ng's revelation adds to the growing concern over the rise of scams, which are now targeting not only ordinary people, but also celebrities.

Read the full story here:
https://t.co/Xu3zhhR0ei","malaysian actress targeted in alleged swimsuit photoshoot scam in thailand 

jacquelin chngs revelation adds to the growing concern over the rise of scams which are now targeting not only ordinary people but also celebrities

read the full story here
",True,Malaysian actress targeted in alleged swimsuit photoshoot scam in thailand. revelation adds to the growing concern over the rise of scams.
2241092203,2025-01-23 08:42:40+00:00,@DrPramodPSawant @narendramodi @PMOIndia Job scam Che sangle?,   job scam che sangle,True,Text too short for summarization
95398583,2025-01-23 07:31:07+00:00,"@NanoBaiter Great work.

I would like to know how the scammers scam innocent people with Google Ad part time job scam.

Could you throw some light on that?

Thanks in advance."," great work

i would like to know how the scammers scam innocent people with google ad part time job scam

could you throw some light on that

thanks in advance",True,i would like to know how the scammers scam innocent people with google ad part time job scam. Could you throw some light on that
1872936673140416512,2025-01-23 06:30:38+00:00,"@Natgkio @yabaleftonline you people speak as you you live in another dimension plane,we'll if you don't know those of us in the real world with real problems will educate you.
Yes there is A Job scam like that where people get your information and ask you to start sending money to retain your position","  you people speak as you you live in another dimension planewell if you dont know those of us in the real world with real problems will educate you
yes there is a job scam like that where people get your information and ask you to start sending money to retain your position",True,yes there is a job scam like that where people get your information and ask you to start sending money to retain your position.   you people speak as you you live in another dimension planewell if you dont know those of us
1271384166437924865,2025-01-23 06:10:21+00:00,üòÇüòÇ this scam @yourtokens makes me laugh everyday. I love how they try to put out professional sounding posts and then the scammers like @Web3Niels &amp; @TedPillows just steal more money. The burn did a great job‚Ä¶.. #scam #crypto $YOURAI #YOURAI https://t.co/eGXF44d4TW, this scam  makes me laugh everyday i love how they try to put out professional sounding posts and then the scammers like  amp  just steal more money the burn did a great job   yourai  ,True,This scam  makes me laugh everyday i love how they try to put out professional sounding posts and then the scammers like  amp  just steal more money
1469880741949411328,2025-01-23 05:44:40+00:00,"üö® Job Scam Alert! üö®
I was scammed by someone claiming to be from Mage Publicity, offering me a fake HR role with a forged joining letter. After 8 days, I realized it was a fraud. Mage Publicity confirmed they never hired me. (1/2) https://t.co/6sIzBSjdaf"," job scam alert 
i was scammed by someone claiming to be from mage publicity offering me a fake hr role with a forged joining letter after 8 days i realized it was a fraud mage publicity confirmed they never hired me 12 ",True,i was scammed by someone claiming to be from mage publicity offering me a fake hr role with a forged joining letter. after 8 days i realized it was a fraud mage publicity confirmed they never hired
987246390341459969,2025-01-23 03:11:14+00:00,"Here are some of the latest news items from various sources:

- Kerala Incidents: A Kerala native was arrested for duping a woman with a fake job offer in the film industry. Additionally, there was a student incident in Palakkad where a student threatened to kill a teacher over a‚Ä¶ https://t.co/hpRQOmBlmQ","here are some of the latest news items from various sources

 kerala incidents a kerala native was arrested for duping a woman with a fake job offer in the film industry additionally there was a student incident in palakkad where a student threatened to kill a teacher over a ",True,A kerala native was arrested for duping a woman with a fake job offer in the film industry. There was a student incident in palakkad where a student threatened to kill a teacher.
1221347478383054848,2025-01-23 03:06:03+00:00,"üö® **Online Job Scam Alert!** üíº Fraudsters post fake job listings to collect personal information or fees for ""training."" Always research companies and never pay for a job opportunity. 

Stay secure with **Fraud Buster!** Our innovative API detects and prevents fraudulent job‚Ä¶ https://t.co/zUjmkcLtSi"," online job scam alert  fraudsters post fake job listings to collect personal information or fees for training always research companies and never pay for a job opportunity 

stay secure with fraud buster our innovative api detects and prevents fraudulent job ",True,Fraudsters post fake job listings to collect personal information or fees for training always research companies and never pay for a job opportunity.stay secure with fraud buster our innovativeapi detects and
1053942480012492800,2025-01-22 22:06:04+00:00,Montez you have one job scam us to the finals just like your bro Josh‚Ä¶ ohh and grace finna get some melanin ü§£ https://t.co/Rv1XMSYhyy,montez you have one job scam us to the finals just like your bro josh ohh and grace finna get some melanin  ,True, montez you have one job scam us to the finals just like your bro josh oh
1858493744804167680,2025-01-22 21:18:12+00:00,"üí° Tip of the Day:

Job Scam Alert: Real jobs don't make you pay to apply or to get the job. If someone asks for money, it's probably not a real job. Be careful! https://t.co/e3XyFkzznc https://t.co/A06q8RVJiM"," tip of the day

job scam alert real jobs dont make you pay to apply or to get the job if someone asks for money its probably not a real job be careful  ",True,Job scam alert real jobs dont make you pay to apply or to get the job if someone asks for money its probably not a real job be careful.
1853464025142841344,2025-01-22 20:59:59+00:00,"üö®‚úÖÔ∏è~ANOTHER JOB SCAM: KERALA MAN CHEATS WOMAN OUT OF ‚Çπ6.12 LAKH!

In a shocking case, R. Sureshkumar from Thiruvananthapuram was arrested for deceiving a woman with false promises of a job as a makeup artist in the film industry. 

~The 30-year-old victim, lured by an‚Ä¶ https://t.co/l67lmroLGX","another job scam kerala man cheats woman out of 612 lakh

in a shocking case r sureshkumar from thiruvananthapuram was arrested for deceiving a woman with false promises of a job as a makeup artist in the film industry 

the 30yearold victim lured by an ",True,Another job scam kerala man cheats woman out of 612 lakhs. Woman lured by false promises of a job as a makeup artist in the film industry.
1360528220228112386,2025-01-22 20:51:11+00:00,"@Dehemsleyy @mobolajiA_ @peachpharmug No, some don't send emails and there's nothing wrong with that. They call you first, if you are interested, then they follow up with emails. If you need a job, scam or not, you go listen. The guy is not jobless",   no some dont send emails and theres nothing wrong with that they call you first if you are interested then they follow up with emails if you need a job scam or not you go listen the guy is not jobless,True,No some don't send emails and theres nothing wrong with that they call you first if you are interested then they follow up with emails if you need a job scam or not you go listen
437301545,2025-01-22 18:15:40+00:00,@yabaleftonline This person might have fallen victim to job scam., this person might have fallen victim to job scam,True,This person might have fallen victim
1472101243,2025-01-22 16:52:20+00:00,"Six Accused, Including Bank Employee, Booked in Rs 1.34 Crore Job Scam
https://t.co/GVfFWxlqcn","six accused including bank employee booked in rs 134 crore job scam
",True,Six accused including bank employee booked in rs 134
1653902802,2025-01-22 16:10:49+00:00,"Twitter dm spam went from phishing Chinese porn bots to Nigerian scam bots and job scam bots in 2 days.
It‚Äôs the Wild West out here. No moderation or control. Elon gotta get his money.","twitter dm spam went from phishing chinese porn bots to nigerian scam bots and job scam bots in 2 days
its the wild west out here no moderation or control elon gotta get his money",True,Twitter dm spam went from phishing chinese porn bots to nigerian scam bots and job scam bots in 2 days. No moderation or control elon
1442507279408918536,2025-01-22 15:02:02+00:00,@parawahid Sir can you please throw some light lf jk bank job scam please, sir can you please throw some light lf jk bank job scam please,True,"""Can you please throw some light lf j"
39997988,2025-01-22 13:09:00+00:00,"üö® SCAM ALERT üö®

Scammers are targeting job seekers with fake offers via text and WhatsApp.

From phoney HR messages to 'work-from-home' scams promising ¬£30K a month, don‚Äôt fall for these tricks.

üì¢ Learn how to spot and avoid them:
https://t.co/KGlSCgIYvd"," scam alert 

scammers are targeting job seekers with fake offers via text and whatsapp

from phoney hr messages to workfromhome scams promising 30k a month dont fall for these tricks

 learn how to spot and avoid them
",True,Scammers are targeting job seekers with fake offers via text and whatsapp messages. From phoney hr messages to workfromhome scams promising 30k a month dont fall for
1290754608495841288,2025-01-22 11:02:29+00:00,"Ugandan Ex-MP Aspirant Seeks Justice After Alleged Dubai Job Scam by MP Kamukama https://t.co/VrjtSzgAdK via @parrotsug
@Benja4Ruhaama @Marthafashie256 @philbertniwae @UAE @NRMOnline @JanetMuseveni @KagutaMuseveni @UgandaMFA @Mglsd_UG @AnitahAmong  @DubaiPoliceHQ @DXBMediaOffice","ugandan exmp aspirant seeks justice after alleged dubai job scam by mp kamukama  via 
            ",True,Ugandan exmp aspirant seeks justice after alleged
877117361672683521,2025-01-22 06:24:31+00:00,"City-based woman loses 45 lakh in online job scam
#Kerala
 https://t.co/l5l788F2YS","citybased woman loses 45 lakh in online job scam

 ",True, citybased woman loses 45 lakh
2455001628,2025-01-22 05:30:42+00:00,"Rajasthan Gang Busted for Job Scam, Cyber Fraud Using Students‚Äô Bank Accounts

Fallen victim to cybercrime? Call RTIwala at 7999506996 and uncover the truth today! 

Source : Check our comment

#RTIwala #Legaltech #AskRTIwala #MaukaGanwao #Digikavach #JobScamAlert https://t.co/l3bESj2ZO0","rajasthan gang busted for job scam cyber fraud using students bank accounts

fallen victim to cybercrime call rtiwala at 7999506996 and uncover the truth today 

source  check our comment

      ",True,Rajasthan gang busted for job scam cyber fraud using students bank accounts. Call rtiwala at 7999506996
112524269,2025-01-22 00:59:07+00:00,@palis I like the fake job offer ones. They ask me I want some fake job and I reply no thank you and it makes me feel like I am a highly sought-after talent., i like the fake job offer ones they ask me i want some fake job and i reply no thank you and it makes me feel like i am a highly soughtafter talent,True,i like the fake job offer ones they ask me i want some fake job and i reply no thank you and it makes me feel like i am a
2471406283,2025-01-21 22:30:07+00:00,#hunterba We get another memorie of Yume getting stuck in a false job scam and almost kidnapped till Hoshino busted her out. Hoshino calls her naive again but Yume things even if it ends up being a lie as president she need to try to keep helping people. https://t.co/CuTAVudk6n, we get another memorie of yume getting stuck in a false job scam and almost kidnapped till hoshino busted her out hoshino calls her naive again but yume things even if it ends up being a lie as president she need to try to keep helping people ,True,We get another memorie of yume getting stuck in a false job scam and almost kidnapped. hoshino calls her naive again but yume things even if it ends up being a lie as president she need to try
2923183531,2025-01-21 17:56:31+00:00,"Scammers may offer you job opportunities, high earnings, or the chance to work from home, but they will require you to pay upfront before they help you. If you pay them, you will lose your money and won‚Äôt get a job. Learn more at https://t.co/iVEnqizHW4 https://t.co/VKa6o17z3K",scammers may offer you job opportunities high earnings or the chance to work from home but they will require you to pay upfront before they help you if you pay them you will lose your money and wont get a job learn more at  ,True, scammers may offer you job opportunities high earnings or the chance to work from home. They will require you to pay upfront before they help you if you pay them you will lose your money and wont get a
269394622,2025-01-21 15:39:50+00:00,@suisei_virus It's a common job scam that ends in task scams where you basically do stuff either for them for free or do illegal stuff like money laundering that you might not notice., its a common job scam that ends in task scams where you basically do stuff either for them for free or do illegal stuff like money laundering that you might not notice,True,Task scams are where you basically do stuff either for them for free or do illegal stuff like money laundering. Its a common job scam that ends in
1070780884008226819,2025-01-21 15:25:56+00:00,"War of words intensifies between @JKNC_ and @jkpdp over job scam allegations.
@IfraJan_ @IltijaMufti_
#JammuAndKashmir #LatestNews @OmarAbdullah @MehboobaMufti https://t.co/Hsoxt84TvQ","war of words intensifies between  and  over job scam allegations
 
    ",True,War of words intensifies between 
1218562533595893760,2025-01-21 15:09:35+00:00,"@suisei_virus This is a common job scam using what'sapp, best practice is to just block and ignore, they will come in waves with new numbers usually but it's always the same message of a job opportunity.", this is a common job scam using whatsapp best practice is to just block and ignore they will come in waves with new numbers usually but its always the same message of a job opportunity,True,This is a common job scam using whatsapp best practice is to just block and ignore. They will come in waves with new numbers usually but its always the same
1863119742057304064,2025-01-21 13:46:04+00:00,Madras High Court Sends Notice to Former AIADMK Minister Bhalaji Over Job Scam https://t.co/Md20DioVIb,madras high court sends notice to former aiadmk minister bhalaji over job scam ,True,Madras high court sends notice to former ai
1863119742057304064,2025-01-21 07:19:46+00:00,Assets Worth Rs 2.22 Crore Seized from Job Scam Perpetrator in J K https://t.co/nM65hZPj90,assets worth rs 222 crore seized from job scam perpetrator in j k ,True, assets worth rs 222 crore seized from job scam perpetrator
1524757200941592577,2025-01-21 00:23:05+00:00,"@ctvottawa According to the Treasury Board of Canada Secretariat, there were 13,092 employees at Immigration, Refugees and Citizenship Canada in 2024. That‚Äôs up from 10,248 in 2022 and 7,800 in 2019.   3300 isn't even going back to 2019 levels.   Trudeau job scam at work.", according to the treasury board of canada secretariat there were 13092 employees at immigration refugees and citizenship canada in 2024 thats up from 10248 in 2022 and 7800 in 2019   3300 isnt even going back to 2019 levels   trudeau job scam at work,True,There were 13092 employees at immigration refugees and citizenship canada in 2024. thats up from 10248 in 2022 and 7800 in 2019. 3300 isnt even going back to 2019 levels.
1209020678810288128,2025-01-20 19:52:36+00:00,"High Salary Abroad Job Scam
#trending #viralvideo #trendingvideoe #digitalarrest #socialawareness #humanity #savehumanity #help #helphumanity #protecthumanity #computertips #mobiletips #onlinefrauds #callforward #loanappscam

https://t.co/ZITNXESdPE","high salary abroad job scam
              

",True,High salary
2259414716,2025-01-20 19:04:02+00:00,"Looking for a job should feel exciting, not risky! Join our upcoming free webinar to stay one step ahead of scammers. You will learn: types of #job scams, how they operate and red flags to watch for in job ads.
Jan 23 @ 1 pm, via Zoom. Save your spot here: https://t.co/55OhdvDQ2d https://t.co/gjivQ9xhhc","looking for a job should feel exciting not risky join our upcoming free webinar to stay one step ahead of scammers you will learn types of  scams how they operate and red flags to watch for in job ads
jan 23  1 pm via zoom save your spot here  ",True,Join our upcoming free webinar to stay one step ahead of scammers. We will learn types of  scams how they operate and red flags to watch for in job ads.
1355246058,2025-01-20 17:43:19+00:00,"@ousterlidar To let you know, there is a job scam being run using your employee Tien Van's identity. My husband was interviewed over Skype and offered a job with your company (including  offer letter) with someone posing as Tien Van. We are contacting the FTC and all other necessary entities.", to let you know there is a job scam being run using your employee tien vans identity my husband was interviewed over skype and offered a job with your company including  offer letter with someone posing as tien van we are contacting the ftc and all other necessary entities,True,"""There is a job scam being run using your employee tien vans identity"" ""My husband was interviewed over skype and offered a job with your company including  offer letter with someone posing as tien van"""
92745576,2025-01-20 12:20:32+00:00,"Job scam alert! Our company's name is being used for a job scam, please do not click on any links or engage in any conversation with the impersonators. 
@adamsandbutler https://t.co/p6ZTKro6ef","job scam alert our companys name is being used for a job scam please do not click on any links or engage in any conversation with the impersonators 
 ",True,Our company name is being used for a job scam. Do not click on any links or engage in any conversation with the imperson
1779268059493986304,2025-01-20 12:10:17+00:00,using textnow to give me a fake job offer is crazy work‚Ä¶ i‚Äôve truly seen it all üò≠üò≠,using textnow to give me a fake job offer is crazy work ive truly seen it all ,True,Using textnow to give me a fake job offer is crazy work.
1347799197634891777,2025-01-20 08:06:43+00:00,"This ID on telegram with username as @grouptask168
Is also part of the telegram scam or
Part time job scam also known as Task job scam 
Thanks @telegram for marking this id as a scam.

@smstelegram 
@telegram_es 
@telegram_it 
@mpcyberpolice 
@Cyberdost https://t.co/BsBfKS0HQ4","this id on telegram with username as 
is also part of the telegram scam or
part time job scam also known as task job scam 
thanks  for marking this id as a scam

 
 
 
 
 ",True,This id on telegram with username as   is also part of the telegram scam orpart time job scam also known as task job scam.
3378683890,2025-01-20 05:30:08+00:00,"Cryptocurrency Relationship Manager

Lazarus fake job offer for Operation 99 or Contagious Interview 

Salary $200k + bonus + tokens x_x https://t.co/LKGlaZu467","cryptocurrency relationship manager

lazarus fake job offer for operation 99 or contagious interview 

salary 200k  bonus  tokens x_x ",True, cryptocurrency relationship manager. Fake job offer for operation 99 or contagious interview. 200
1324624272,2025-01-20 05:12:34+00:00,"@InGoa24x7 Shame on double engine commission feeders!

Job scam, land scam, commission from vendors and contractors, sub-standard work, has become signature of this broken double engine and now this."," shame on double engine commission feeders

job scam land scam commission from vendors and contractors substandard work has become signature of this broken double engine and now this",True,Job scam land scam commission from vendors and contractors substandard work has become signature of this broken double engine. shame on double engine
850529200645828609,2025-01-20 02:43:08+00:00,"@RahulGandhi 
Respected Rahul Gandhi sir there is a big job scam going in ranchi .. I lost my money of 1000rs and they are not returning my money I'm from a very poor family ... They are telling me that first you have to go legal against us . Sir I don't know what to do please üôè"," 
respected rahul gandhi sir there is a big job scam going in ranchi  i lost my money of 1000rs and they are not returning my money im from a very poor family  they are telling me that first you have to go legal against us  sir i dont know what to do please ",True,"""There is a big job scam going in ranchi  i lost my money of 1000rs and they are not returning my money im from a very poor family  they are telling me that first you have to go legal against us"""
1330144912743018500,2025-01-19 13:59:58+00:00,"After stoic silence over land grab scam, job scam, land conversion etc. probably new instalment to split opposition votes has been made by @BJP4Goa that‚Äôs why ‡§ù‡•ã‡§™‡§≤‡•á‡§≤‡§æ ‡§ú‡§æ‡§ó‡§æ ‡§ù‡§æ‡§≤‡§æ.",after stoic silence over land grab scam job scam land conversion etc probably new instalment to split opposition votes has been made by  thats why ‡§ù‡§™‡§≤‡§≤ ‡§ú‡§ó ‡§ù‡§≤,True,After stoic silence over land grab scam job scam land conversion etc probably new instalment to split opposition votes has been made
997581688749379587,2025-01-19 13:43:24+00:00,New York Attorney General Files Lawsuit to Recover $2.2 Million in Cryptocurrency from Job Scam https://t.co/LmFF7q9vxl,new york attorney general files lawsuit to recover 22 million in cryptocurrency from job scam ,True,New York attorney general files lawsuit to recover 22 million in cryptocurrency
1197475838956130304,2025-01-19 11:29:08+00:00,You are being scammed. NEVER take communication off platform. This is a !job scam and the !fakecheck will be fake.,you are being scammed never take communication off platform this is a job scam and the fakecheck will be fake,True,Never take communication off platform this is a job scam and the fakecheck will be fake
17836555,2025-01-19 11:24:20+00:00,@JohnDor13204139 @CraigMurrayOrg The govt is clearly trying to hide a huge job scam somewhere. Hundreds of thousands must be getting secret stalking money. To hide 2020 mess. They unplugged millions off their 2008 work programmes but they still won't leave us alone. Total misery for my life.,  the govt is clearly trying to hide a huge job scam somewhere hundreds of thousands must be getting secret stalking money to hide 2020 mess they unplugged millions off their 2008 work programmes but they still wont leave us alone total misery for my life,True,The govt is clearly trying to hide a huge job scam somewhere hundreds of thousands must be getting secret stalking money to hide 2020 mess. They unplugged millions off their 2008 work programmes but they still wont leave
2472455929,2025-01-19 10:06:04+00:00,"Shivam Patil, accused of stealing a foreign tourist's mobile worth ‚Çπ1.30 lakh in Morjim, has been arrested by Mandrem Police. Shocking revelation: Patil was previously involved in a Goa govt job scam flagged during a recruitment process
#crime #goa #news #theft #Scam https://t.co/wSktxxNwQy","shivam patil accused of stealing a foreign tourists mobile worth 130 lakh in morjim has been arrested by mandrem police shocking revelation patil was previously involved in a goa govt job scam flagged during a recruitment process
     ",True,Shivam patil accused of stealing a foreign tourists mobile worth 130 lakh in morjim. patil was previously involved in a goa govt job scam flagged
17627607,2025-01-19 09:41:37+00:00,"@RealJamesWoods This is RICO-level EMBEZZLEMENT.  The money was spent, not wasted. Like a no-show mob job scam.  The funds must be clawed back for no services rendered and prosecute the grifters and buddies the Dems paid to siphon taxpayers money to their own cushy jobs and non-profit coffers", this is ricolevel embezzlement  the money was spent not wasted like a noshow mob job scam  the funds must be clawed back for no services rendered and prosecute the grifters and buddies the dems paid to siphon taxpayers money to their own cushy jobs and nonprofit coffers,True,The funds must be clawed back for no services rendered and prosecute the grifters and buddies the dems paid to siphon taxpayers money to their own cushy jobs and nonprofit coffers. This is ricolevel em
1513494017748910086,2025-01-19 04:08:27+00:00,"@justinwrites I'd put this at 95% a scam (5% chance it's just a dumb social media stunt). Likely either a crypto pump-and-dump scheme, a fake job scam, or a data-harvesting operation.

Would not recommend interacting unless you want to see how deep the scam goes for research purposes."," id put this at 95 a scam 5 chance its just a dumb social media stunt likely either a crypto pumpanddump scheme a fake job scam or a dataharvesting operation

would not recommend interacting unless you want to see how deep the scam goes for research purposes",True,would not recommend interacting unless you want to see how deep the scam goes for research purposes. id put this at 95 a scam 5 chance its just a dumb social media stunt likely either a crypto pumpanddump scheme or a
1577376427485315091,2025-01-19 01:59:33+00:00,NY Attorney General files lawsuit to recoup $2.2M in crypto lost to job scam,ny attorney general files lawsuit to recoup 22m in crypto lost to job scam,True,N.Y. attorney general files lawsuit to recoup
62381986,2025-01-18 16:36:07+00:00,I didn‚Äôt even get hit with the job scam and I‚Äôm hot. Boy if I get scammed it‚Äôs rabbit season. And I will find you. Sweet Jesus is will,i didnt even get hit with the job scam and im hot boy if i get scammed its rabbit season and i will find you sweet jesus is will,True,"""i didnt even get hit with the job scam and im hot boy if i get scammed its rabbit season and i will find"
1467228402,2025-01-18 16:31:28+00:00,"@ShashiK65800175 Hi, we confirm that the information you have provided does not belong to IndiGo. It appears that certain people are fraudulently trying to collect money from you on the basis of a fake job offer. Please do not make any payment in response to the letter. ~Rupali", hi we confirm that the information you have provided does not belong to indigo it appears that certain people are fraudulently trying to collect money from you on the basis of a fake job offer please do not make any payment in response to the letter rupali,True,Rupali writes to say he has received a fake job offer. He says he has been contacted by people claiming to be from indigo. Rupali says the information he has provided does not belong to indigo
42347926,2025-01-18 11:53:28+00:00,"Part-time job scam; kindergarten teacher loses RM30,759 in JB

#latest #vanakkammalaysia #Part-timejobscam #kindergartenteacher #loses #JB #trendingnewsmalaysia #malaysiatamilnews #fyp #vmnews #foryoupage https://t.co/LsBFtBQLfY","parttime job scam kindergarten teacher loses rm30759 in jb

           ",True,Kindergarten teacher loses
1367315754962534403,2025-01-18 11:39:29+00:00,@BCBacker I don‚Äôt believe it‚Äôs Trump. My gut tells me it‚Äôs a hack job/scam. This wouldn‚Äôt end well for Trump if the token tanks. Why would he put himself at risk like that? I just don‚Äôt see it‚Äôs him., i dont believe its trump my gut tells me its a hack jobscam this wouldnt end well for trump if the token tanks why would he put himself at risk like that i just dont see its him,True,i dont believe its trump my gut tells me its a hack jobscam this wouldnt end well for trump if the token tanks why would he put himself at risk like that
1817822924809916416,2025-01-18 07:50:28+00:00,"üö® JUST IN: NY Attorney General sues to recover $2.2M in crypto lost to a job scam. Victims were tricked into buying crypto under the false promise of ‚Äúwell-paying, flexible jobs.‚Äù https://t.co/iT0mOOPvTD", just in ny attorney general sues to recover 22m in crypto lost to a job scam victims were tricked into buying crypto under the false promise of wellpaying flexible jobs ,True,New York attorney general sues to recover 22m in crypto lost to a job scam. Victims were tricked into buying crypto under the false
1250652879527895041,2025-01-18 06:15:26+00:00,"Indian Embassy In Myanmar Facilitates Repatriation Of Nationals From Myawaddy Job Scam Centre 

#India #Myanmar 

 https://t.co/4KmcvNtYu5","indian embassy in myanmar facilitates repatriation of nationals from myawaddy job scam centre 

  

 ",True, indian embassy in myanmar facilitates repatriation of
55186601,2025-01-18 05:33:15+00:00,"#NSTnation  Kindergarten teacher loses RM30,000 to part-time job scam 

https://t.co/DJbKccmr2s","  kindergarten teacher loses rm30000 to parttime job scam 

",True,Kindergarten teacher
1863119742057304064,2025-01-18 05:28:42+00:00,Indian Embassy in Myanmar Aids Repatriation of Nationals from Myawaddy Job Scam Hub https://t.co/M4gcHIe0fx,indian embassy in myanmar aids repatriation of nationals from myawaddy job scam hub ,True, indian embassy in myanmar aids repatriation of
1839560411093348352,2025-01-18 04:34:43+00:00,"Faiyaz Khan, Mustaq Siddiqui, and Vishwanath Singh Arrested for Job ScamThree individuals, Faiyaz Khan, Mustaq Siddiqui, and Vishwanath Pratap Singh, were arrested by the police in Delhi-NCR for their involvement in a large-scale job scam. The accused, ...
https://t.co/qOSm1DN35M https://t.co/O2tQm34N2h","faiyaz khan mustaq siddiqui and vishwanath singh arrested for job scamthree individuals faiyaz khan mustaq siddiqui and vishwanath pratap singh were arrested by the police in delhincr for their involvement in a largescale job scam the accused 
 ",True,Faiyaz khan mustaq siddiqui and vishwanath pratap singh arrested for job scam.
1826127601292947457,2025-01-18 02:28:06+00:00,"@Juanita2293 @CarlZha What's even worse is young people get fake job offer abord, and when they aboard, local warloard constraint, beat them, force then do scam, they could get killed for rejecting.
Fella Americans please be aware, do not trust any job offer easily, especially job in south east Asia!!","  whats even worse is young people get fake job offer abord and when they aboard local warloard constraint beat them force then do scam they could get killed for rejecting
fella americans please be aware do not trust any job offer easily especially job in south east asia",True,Young people get fake job offer abord and when they aboard local warloard constraint beat them force then do scam they could get killed for rejecting. Do not trust any job offer easily especially job in south east asia.
3119246530,2025-01-17 21:27:09+00:00,Be on the lookout for these signs of a job scam during a #jobsearch. #selfimprovement  https://t.co/U4QVdUHqGj,be on the lookout for these signs of a job scam during a    ,True,Be on the lookout for these signs of a job
882165764228132864,2025-01-17 20:48:59+00:00,"üö® Job Scam Alert üö®

A friend recently applied for a job at @AAI_Official and soon received a call for an interview. After one round, they were sent an ""offer letter"" that looked legitimate, but there was a catch. They were asked to pay for shipping a laptop and other equipment,‚Ä¶ https://t.co/waxm9itEwf"," job scam alert 

a friend recently applied for a job at  and soon received a call for an interview after one round they were sent an offer letter that looked legitimate but there was a catch they were asked to pay for shipping a laptop and other equipment ",True,A friend recently applied for a job at  and soon received a call for an interview. They were sent an offer letter that looked legitimate but there was a catch they were asked to pay for shipping a laptop and other equipment.
1354825354398019584,2025-01-17 14:51:09+00:00,"@PicturesFoIder If I could do it all over again, I'd go straight to commercial driving and skip useless college.
$10k for 3 months, in a program I could have learned on the job.
Scam!"," if i could do it all over again id go straight to commercial driving and skip useless college
10k for 3 months in a program i could have learned on the job
scam",True,10k for 3 months in a program i could have learned on the job.  if i could do it all over again id go straight to commercial
1700428295568072704,2025-01-17 14:08:11+00:00,1. Jharkhand HC strikes down relaxation in qualifying marks for para teachers 2. 2nd JPSC job scam: Ranchi CBI court summons 72 including ex-Chairman 3. Jharkhand‚Äôs Salima Tete receives Arjuna Award from President Murmu  https://t.co/llcwSDRat1,1 jharkhand hc strikes down relaxation in qualifying marks for para teachers 2 2nd jpsc job scam ranchi cbi court summons 72 including exchairman 3 jharkhands salima tete receives arjuna award from president murmu  ,True,Jharkhand hc strikes down relaxation in qualifying marks for para teachers. 2nd jpsc job scam ranchi cbi court summons 72 including exch
1700428295568072704,2025-01-17 13:04:57+00:00,"2nd JPSC job scam: Ranchi CBI court summons 72, including ex-Chairman, members #JharkhandNews https://t.co/FuFnge0AbO",2nd jpsc job scam ranchi cbi court summons 72 including exchairman members  ,True,Ranchi cbi court summons 72 including
1417837132152856576,2025-01-17 13:02:56+00:00,"2nd JPSC job scam: Ranchi CBI court summons 72, including ex-Chairman, members https://t.co/I8fxuyDCow",2nd jpsc job scam ranchi cbi court summons 72 including exchairman members ,True,Ranchi cbi court summons 72 including
1808249588874190850,2025-01-17 12:05:02+00:00,"üö® SU Job Scam Alert üö®

We have been made aware of a Swakop Uranium Vacancies scam. Please DO NOT respond or click on any suspicious links. For legitimate job opportunities, please contact us directly through our official social media channels. https://t.co/ZX8G4joVDh"," su job scam alert 

we have been made aware of a swakop uranium vacancies scam please do not respond or click on any suspicious links for legitimate job opportunities please contact us directly through our official social media channels ",True,We have been made aware of a swakop uranium vacancies scam. Do not respond or click on any suspicious links for legitimate job opportunities. Please contact us directly through our official social
885057023393529857,2025-01-17 11:58:42+00:00,How I deal with those part time hotel job scam gcs https://t.co/KOvc9pxQer,how i deal with those part time hotel job scam gcs ,True,How to deal with those part time hotel
1880210066399510528,2025-01-17 11:40:20+00:00,"üö® We‚Äôve uncovered a MASSIVE job scam! üö® But here‚Äôs the twist ‚Äì we‚Äôre launching a meme coin to take a stand against it! üí• Get ready for something fun, impactful, and revolutionary. Stay tuned! üöÄ #JobScamExposed #MemeCoinLaunch #CryptoRevolution #FightBack #StayTuned", weve uncovered a massive job scam  but heres the twist  were launching a meme coin to take a stand against it  get ready for something fun impactful and revolutionary stay tuned      ,True,Weve uncovered a massive job scam  but heres the twist  were launching a meme coin to take a stand against it. Get ready
1605706451241996288,2025-01-17 10:35:51+00:00,"@cyber_suport001 
Hello sir
I lost 1314000 in telegram part time job scam which is my total 3years saving for my sisters marriage .please  sir kundlt help me to recover my lost amount. For any futher information about scam please pin me sir."," 
hello sir
i lost 1314000 in telegram part time job scam which is my total 3years saving for my sisters marriage please  sir kundlt help me to recover my lost amount for any futher information about scam please pin me sir",True,i lost 1314000 in telegram part time job scam which is my total 3years saving for my sisters marriage please  sir kundlt help me to recover my lost amount for any
937962626222497793,2025-01-17 09:50:37+00:00,Court Summons Lalu Prasad Yadav for Land-for-Job Scam Hearing https://t.co/9as8J27M5O,court summons lalu prasad yadav for landforjob scam hearing ,True,Court summons lalu pr
2177811649,2025-01-17 09:43:45+00:00,mp apex bank job scam .... please kindly focus and investigate this issue...respected @DrMohanYadav51 @PMOIndia,mp apex bank job scam  please kindly focus and investigate this issuerespected  ,True, mp apex bank job scam  please kindly focus
1176546593861820416,2025-01-17 07:47:42+00:00,Job scam : Former Minister‚Äôs brother granted bail https://t.co/ZlWCCXcpey,job scam  former ministers brother granted bail ,True,Former ministers brother granted
1165942456535285761,2025-01-17 07:36:08+00:00,"JOB SCAM ALERTüö®
#TNTVLRPOLICE https://t.co/UKoVo1DJMz","job scam alert
 ",True,Text too short for summarization
55186601,2025-01-17 07:08:22+00:00,"#NSTnation Two Thai men who hoped to work in Malaysia recounted how their dreams were shattered after they were sentenced to five years in prison after falling victim to a job scam syndicate.

https://t.co/TTvyjSlaX6"," two thai men who hoped to work in malaysia recounted how their dreams were shattered after they were sentenced to five years in prison after falling victim to a job scam syndicate

",True,Two thai men who hoped to work in malaysia recounted how their dreams were shattered. They were sentenced to five years in prison after falling
55186601,2025-01-17 07:00:26+00:00,#NSTnation Two Thai men who hoped to work in Malaysia recounted how their dreams were shattered after they were sentenced to five years in prison after falling victim to a job scam syndicate. https://t.co/TTvyjSlaX6, two thai men who hoped to work in malaysia recounted how their dreams were shattered after they were sentenced to five years in prison after falling victim to a job scam syndicate ,True,Two thai men who hoped to work in malaysia recounted how their dreams were shattered. They were sentenced to five years in prison after falling
1494247980521586689,2025-01-17 06:51:16+00:00,@harshasai_ brother help me üò≠ I'm in a big trouble I lost my all savings in work from home job scam please help me üò≠üôèüèª, brother help me  im in a big trouble i lost my all savings in work from home job scam please help me ,True,i lost my all savings in work from home job scam please help me.  brother help me
